"","ProductName"
"1","Samsung Galaxy Buds2 Pro, Graphite  "
"2","Linsoul KZ ZS10 Pro, 4BA+1DD 5 Driver in Ear Monitor, HiFi Wired Earbuds, Gaming Earbuds, Hybrid IEM Earphones with Stainless Steel Faceplate, 2 Pin Detachable Cable (Without Mic, Black)  "
"3","JBL Wave Flex True Wireless Stereo Earbuds, Black  "
"4","Bose QuietComfort Ultra Wireless Noise Cancelling Earbuds, Bluetooth Noise Cancelling Earbuds with Spatial Audio and World-Class Noise Cancellation, Black  "
"5","Soundcore by Anker, Soundcore Sport X10 True Wireless Bluetooth 5.2 Workout Headphones, Rotatable Ear Hooks, Deep Bass, IPX7 Waterproof, Sweatproof, 32H Play, Fast Charge, Sport Earbuds, Gym, Running  "
"6","MOONDROP CHU II High Performance Dynamic Driver IEMs Interchangeable Cable in-Ear Headphone  "
"7","soundcore by Anker Liberty 4 NC Wireless Noise Cancelling Earbuds, 98.5% Noise Reduction, Adaptive Noise Cancelling to Ears and Environment, Hi-Res Sound, 50H Battery, Bluetooth 5.3 (Clear White)  "
"8","Moondrop Space Travel TWS Earphone Bluetooth 5.3 Noise Canceling True Wireless Stereo IEMs  "
"9","Samsung Type C Wired in-Ear Earphones  "
"10","Anker soundcore Life P3 Noise Cancelling Earbuds, Big Bass, 6 Mics, Clear Calls, Multi Mode Noise Cancelling, Wireless Charging, Soundcore App with Gaming Mode, Sleeping Mode, Find Your Earbuds  "
"11","Bose Ultra Open Earbuds with OpenAudio Technology, Open Ear Wireless Earbuds, Up to 48 Hours of Battery Life, Black  "
"12","TOZO T18 Bluetooth 5.3 True Wireless Stereo Earphones IPX8 Waterproof in Ear Headset Call Noise Reduction Headphones with Digital Display and Transparent Case Long Standby Earbuds Black  "
"13","Linsoul 7Hz x Crinacle Zero:2 in Ear Monitor, Updated 10mm Dynamic Driver IEM, Wired Earbuds Earphones, Gaming Earbuds, with OFC IEM Cable for Musician (Orange, Without Mic)  "
"14","Linsoul KZ ZS10 PRO X Upgraded 1DD+4BA Hybrid Driver HiFi in Ear Earphones IEM with Alloy Faceplace Detachable Silver-Plated Recessed 0.75mm 2Pin Cable for Audiophile Musician DJ Stage (with mic)  "
"15","TRUTHEAR x Crinacle Zero: RED Dual Dynamic Drivers in-Ear Headphone  "
"16","Shure SE215 Pro Professional Sound Isolating Earphones (Clear)  "
"17","Moondrop Space Travel TWS Earphone Bluetooth 5.3 Noise Canceling True Wireless Stereo IEMs (Black)  "
"18","Linsoul SIMGOT EM6L 1DD + 4BA Hybrid Driver in-Ear Monitor, Gaming Earbud, HiFi IEM Earphone with 3D-Printed Resin Housing, Detachable OFC Silver-Plated Cable (Black, SIMGOT EM6L)  "
"19","Linsoul TANGZU Wan’er S.G HiFi 10mm Dynamic Driver PET Diaphragm in-Ear Earphone with Ergonomic Shape, Detachable 2Pin OFC Braided Cable for Audiophile Musician DJ Stage (Green, with Mic)  "
"20","Nothing Ear (2) Wireless Bluetooth Earphones White - ANC (Active Noise Cancelling) Headphones, Hi-Res Audio Certified, Dual Connection, Powerful 11.6 mm Driver  "
"21","soundcore by Anker Space A40 Adaptive Active Noise Cancelling Wireless Earbuds, Reduce Noise by Up to 98%, Ultra Long 50H Playtime, 10H Single Playtime, Hi-Res Sound, Comfortable Fit, Wireless Charge  "
"22","Nokia Wireless Earbuds, Bluetooth 5.3 Earphones in Ear with Dual ENC Noise Cancelling Mic,Touch Control Earbuds Deep Bass Stereo Sound, 20H Playtime Wireless Headphones, Black E3102Plus (Black)  "
"23","Linsoul 7Hz Salnotes Zero HiFi 10mm Dynamic Driver in-Ear Earphone, IEM with Metal Composite Diaphragm, Stainless Steel Faceplate Detachable 2Pin OFC Cable (Black, Without Mic)  "
"24","Samsung 3.5mm Earphone (EO-IA500), Black  "
"25","Kuoadusl Wireless Earbuds 3, Wireless Bluetooth 5.2 Headphones 3D HiFi Stereo Headphones Noise Cancellation in-Ear Built-in Mic with Charging Case, Touch Control for Phone/Samsu/Xiaomi/Android/iOS  "
"26","Linsoul KZ ZSN Pro X Dual Driver 1BA+1DD Hybrid Metal Earphones HiFi in-Ear Monitor with Detachable 2Pin Cable, Zin Alloy Panel (Without Mic, ZSN Prox-Black)  "
"27","Laser Earbud Headphones Earphones Blue 3.5mm  "
"28","Laser Wireless Bluetooth Earphones in White - Long-Lasting Battery, Inline Controls, Secure Fit, Magnet Feature, Comfort Foam, Advanced Audio Distribution  "
"29","Linsoul KZ ZSN Pro Dual Driver 1BA+1DD Hybrid Metal Earphones HiFi in-Ear Monitor with Detachable 2Pin Cable, Zin Alloy Panel (Without Mic, Black)  "
"30","TELLUR VOX 55 Bluetooth Headset, Handsfree Earpiece, BT v5.2, Multipoint Two Simultaneous Connected Devices, 360° Hook for Right or Left Ear, iPhone and Android  "
"31","Linsoul KZ ZS10 Pro, 4BA+1DD 5 Driver in Ear Monitor, HiFi Wired Earbuds, Gaming Earbuds, Hybrid IEM Earphones with Stainless Steel Faceplate, 2 Pin Detachable Cable (with Mic, Dark Black)  "
"32","Sony In-Ear Lightweight Headphones, White  "
"33","Linsoul SIMGOT EW200 10mm SCP Diaphragm Dynamic Driver in-Ear Earphones with All Metal Body, Detachable 0.78mm 2pin Silver-Plated OFC Cable for Audiophiles Musicians  "
"34","Technics Premium Hi-Fi True Wireless Bluetooth Earbuds with Advanced Noise Cancelling, 3 Device Multipoint Connectivity, Wireless Charging, Hi-Res Audio + Enhanced Calling, Black (EAH-AZ80E-K)  "
"35","Belkin Rockstar iPhone Headphones with Lightning Connector (Lightning Headphones for iPhone, Lightning Earphones for iPhone), Black, (G3H0001btBLK)  "
"36","JBL Live Flex ANC True Wireless Stereo Earbuds, Rose  "
"37","MEE audio M6 PRO in Ear Monitor Headphones for Musicians, 2nd Gen Model with Upgraded Sound, Memory Wire Earhooks & Replaceable Cables, Noise Isolating Professional Earbuds, 2 Cords Included (Clear)  "
"38","House of Marley Smile Jamaica in-Ear - Signature Black  "
"39","TOZO T12 Pro Wireless Earbuds Bluetooth Headphones with Qualcomm QCC3040 4 Mics CVC 8.0 Call Noise Cancelling and aptX Stereo Headset 2500mAh Wireless Charging Case IPX8 Waterproof Earphones Black  "
"40","True Wireless Sleep Earbuds, Damipow Noise Blocking Technology Bluetooth Headphones in-Ear, Smallest and Lightest, Ultra Comfortable Designed Specifically to Help You Asleep Faster and Sleep Better  "
"41","Panasonic- Rp-hs46e-k Slim Clip On Earphone - Black  "
"42","Linsoul Kiwi Ears Cadenza 10mm Beryllium Dynamic Driver IEM 3D Printed with Detachable Interchangeable Plug 0.78 2pin 3.5mm IEM Cable for Musician Audiophile (Blue, Cadenza)  "
"43","Nokia Essential E3110 Wireless Earbuds, Bluetooth 5.1, Fully Wireless Earbuds, ENC Noise Reduction, Hands-Free Calling, Left/Right Separated, Up to 25 Hours of Music Playback, Lightweight, Green  "
"44","Philips EarHook Sports Wired Headset with Mic  "
"45","HUAWEI FreeBuds SE 2 Wireless Headphones, White, Bluetooth, Up to 40 Hours Battery Life, Lightweight and Comfortable, Balanced Sound, AU Version  "
"46","Samsung EO-EG920BW White Genuine Headset/Handsfree/Headphone/Earphone with Volume Control for Galaxy Phones (Non Retail Packaging - Bulk Packaging)  "
"47","Laser Bluetooth Earphones Earbuds with Magnetic Contactor, Sports Earphones Built-in Mic  "
"48","Samsung Galaxy Buds FE Wireless Bluetooth Earbuds, Active Noise Cancelling (ANC), Comfortable Fit, 3 Microphones, Touch Control, Deep Bass, Includes Charging Cable, Graphite  "
"49","SoundPEATS Air3 Wireless Earbuds Mini Bluetooth V5.2 Earphones with Qualcomm QCC3040 and aptX-Adaptive, 4-Mic and CVC 8.0 Noise Cancellation, TrueWireless Mirroring Tech, in-Ear Detection, Game Mode  "
"50","Genuine Lenovo Thinkplus Livepods LP40 Bluetooth Earpods True Wireless Earbuds Bluetooth Headphones with Wireless Charging Case Earphones in-Ear (White)  "
